"","datetime","date","ra1","ra2","raw","ra","comment","chk_note","chk_fail","year"
"1","1/1/91 8:55",1991-01-01,0,0,-999,0,"","adjusted","Prorated",1991
"2","2/1/91 8:20",1991-01-02,2.921,3.048,2.985,2.985,"Time of measurement estimated","good","",1991
"3","3/1/91 8:21",1991-01-03,0,0,0,0,"Time of measurement estimated","good","",1991
"4","4/1/91 8:10",1991-01-04,0,0,0,0,"Time of measurement estimated","good","",1991
"5","5/1/91 8:55",1991-01-05,0,0,0,0,"","good","",1991
"6","6/1/91 8:55",1991-01-06,0,0,0,0,"","good","",1991
"7","7/1/91 8:18",1991-01-07,0,0,0,0,"Time of measurement estimated","good","",1991
"8","8/1/91 8:07",1991-01-08,0,0,0,0,"Time of measurement estimated","good","",1991
"9","9/1/91 8:09",1991-01-09,0,0,0,0,"Time of measurement estimated","good","",1991
"10","10/1/91 8:14",1991-01-10,0.254,0.254,0.254,0.254,"Time of measurement estimated","good","",1991
"11","11/1/91 8:14",1991-01-11,0.762,0.762,0.762,0.762,"Time of measurement estimated","good","",1991
"12","12/1/91 8:55",1991-01-12,0,0,-999,2.247,"","adjusted","Prorated",1991
"13","13/01/1991 08:55:00",1991-01-13,0,0,-999,3.595,"","adjusted","Prorated",1991
"14","14/01/1991 08:13:00",1991-01-14,5.842,5.842,5.842,0,"Time of measurement estimated","adjusted","Prorated",1991
"15","15/01/1991 08:22:00",1991-01-15,0,0,0,0,"Time of measurement estimated","good","",1991
"16","16/01/1991 08:14:00",1991-01-16,0,0,0,0,"Time of measurement estimated","good","",1991
"17","17/01/1991 08:18:00",1991-01-17,0,0,0,0,"Time of measurement estimated","good","",1991
"18","18/01/1991 08:26:00",1991-01-18,0.254,0.254,0.254,0.254,"Time of measurement estimated","good","",1991
"19","19/01/1991 08:55:00",1991-01-19,0,0,0,0,"","good","",1991
"20","20/01/1991 08:55:00",1991-01-20,0.127,0.203,0.165,0.165,"","good","",1991
"21","21/01/1991 08:55:00",1991-01-21,0.508,0.508,0.508,0.508,"","good","",1991
"22","22/01/1991 08:52:00",1991-01-22,0,0,0,0,"Time of measurement estimated","good","",1991
"23","23/01/1991 09:06:00",1991-01-23,0,0,0,0,"Time of measurement estimated","good","",1991
"24","24/01/1991 08:06:00",1991-01-24,0,0,0,0,"Time of measurement estimated","good","",1991
"25","25/01/1991 08:55:00",1991-01-25,0,0,0,0,"","good","",1991
"26","26/01/1991 08:55:00",1991-01-26,0,0,-999,0,"","adjusted","Prorated",1991
"27","27/01/1991 08:55:00",1991-01-27,0,0,-999,0,"","adjusted","Prorated",1991
"28","28/01/1991 10:33:00",1991-01-28,0,0,0,0,"Time of measurement estimated","good","",1991
"29","29/01/1991 07:53:00",1991-01-29,0,0,0,0,"Time of measurement estimated","good","",1991
"30","30/01/1991 09:50:00",1991-01-30,0,0,0,0,"Time of measurement estimated","good","",1991
"31","31/01/1991 08:14:00",1991-01-31,0,0,0,0,"Time of measurement estimated","good","",1991
"32","1/2/91 9:05",1991-02-01,0,0,0,0,"Time of measurement estimated","good","",1991
"33","2/2/91 9:31",1991-02-02,0,0,0,0,"Time of measurement estimated","good","",1991
"34","3/2/91 8:16",1991-02-03,0,0,0,0,"Time of measurement estimated","good","",1991
"35","4/2/91 9:09",1991-02-04,0,0,0,0,"Time of measurement estimated","good","",1991
"36","5/2/91 9:05",1991-02-05,0.508,0.508,0.508,0.508,"Time of measurement estimated","good","",1991
"37","6/2/91 8:48",1991-02-06,0.762,0.762,0.762,0.762,"Time of measurement estimated","good","",1991
"38","7/2/91 9:22",1991-02-07,0.254,0.254,0.254,0.254,"Time of measurement estimated","good","",1991
"39","8/2/91 8:49",1991-02-08,0,0,0,0,"Time of measurement estimated","good","",1991
"40","9/2/91 10:51",1991-02-09,0,0,0,0,"Time of measurement estimated","good","",1991
"41","10/2/91 8:06",1991-02-10,0,0,0,0,"Time of measurement estimated","good","",1991
"42","11/2/91 8:45",1991-02-11,0,0,0,0,"Time of measurement estimated","good","",1991
"43","12/2/91 9:24",1991-02-12,0,0,0,0,"Time of measurement estimated","good","",1991
"44","13/02/1991 08:42:00",1991-02-13,0,0,0,0,"Time of measurement estimated","good","",1991
"45","14/02/1991 09:22:00",1991-02-14,11.938,11.684,11.811,11.811,"Time of measurement estimated","good","",1991
"46","15/02/1991 08:48:00",1991-02-15,0,0,0,0,"Time of measurement estimated","good","",1991
"47","16/02/1991 10:06:00",1991-02-16,0,0,0,0,"Time of measurement estimated","good","",1991
"48","17/02/1991 10:36:00",1991-02-17,10.414,9.906,10.16,10.16,"Time of measurement estimated","good","",1991
"49","18/02/1991 11:26:00",1991-02-18,0.127,0.102,0.114,0.114,"Time of measurement estimated","good","",1991
"50","19/02/1991 09:18:00",1991-02-19,0.254,0.254,0.254,0.254,"Time of measurement estimated","good","",1991
"51","20/02/1991 09:21:00",1991-02-20,3.556,3.556,3.556,3.556,"Time of measurement estimated","good","",1991
"52","21/02/1991 09:41:00",1991-02-21,1.016,1.016,1.016,1.016,"Time of measurement estimated","good","",1991
"53","22/02/1991 08:52:00",1991-02-22,0,0,0,0,"Time of measurement estimated","good","",1991
"54","23/02/1991 08:55:00",1991-02-23,0,0,-999,1.016,"","adjusted","Prorated",1991
"55","24/02/1991 08:55:00",1991-02-24,0,0,-999,0,"","adjusted","Prorated",1991
"56","25/02/1991 09:28:00",1991-02-25,1.016,1.016,1.016,0,"Time of measurement estimated","adjusted","Prorated",1991
"57","26/02/1991 09:11:00",1991-02-26,0,0,0,0,"Time of measurement estimated","good","",1991
"58","27/02/1991 09:15:00",1991-02-27,0.127,0.127,0.127,0.127,"Time of measurement estimated","good","",1991
"59","28/02/1991 09:10:00",1991-02-28,0.127,0.127,0.127,0.127,"Time of measurement estimated","good","",1991
"60","1/3/91 9:18",1991-03-01,0.076,0.076,0.076,0.076,"Time of measurement estimated","good","",1991
"61","2/3/91 10:06",1991-03-02,0,0,0,0,"Time of measurement estimated","good","",1991
"62","3/3/91 10:06",1991-03-03,0,0,0,0,"Time of measurement estimated","good","",1991
"63","4/3/91 8:33",1991-03-04,0,0,0,0,"Time of measurement estimated","good","",1991
"64","5/3/91 8:36",1991-03-05,128.016,126.238,127.127,127.127,"Time of measurement estimated","good","",1991
"65","6/3/91 8:11",1991-03-06,43.18,42.926,43.053,43.053,"Time of measurement estimated","good","",1991
"66","7/3/91 8:12",1991-03-07,0.254,0.127,0.191,0.191,"Time of measurement estimated","good","",1991
"67","8/3/91 8:06",1991-03-08,0.254,0.254,0.254,0.254,"Time of measurement estimated","good","",1991
"68","9/3/91 8:06",1991-03-09,0.127,0,0.064,0.064,"Time of measurement estimated","good","",1991
"69","10/3/91 8:55",1991-03-10,0,0,0,0,"","good","",1991
"70","11/3/91 8:47",1991-03-11,0,0,0,0,"Time of measurement estimated","good","",1991
"71","12/3/91 8:37",1991-03-12,0,0,0,0,"Time of measurement estimated","good","",1991
"72","13/03/1991 08:28:00",1991-03-13,0.381,0.381,0.381,0.381,"Time of measurement estimated","good","",1991
"73","14/03/1991 08:23:00",1991-03-14,0,0,0,0,"Time of measurement estimated","good","",1991
"74","15/03/1991 08:26:00",1991-03-15,0.889,0.889,0.889,0.889,"Time of measurement estimated","good","",1991
"75","16/03/1991 09:36:00",1991-03-16,0.508,0.559,0.533,0.533,"Time of measurement estimated","good","",1991
"76","17/03/1991 11:06:00",1991-03-17,0,0,0,0,"Time of measurement estimated","good","",1991
"77","18/03/1991 08:31:00",1991-03-18,0,0,0,0,"Time of measurement estimated","good","",1991
"78","19/03/1991 09:02:00",1991-03-19,0,0,0,0,"Time of measurement estimated","good","",1991
"79","20/03/1991 08:27:00",1991-03-20,0,0,0,0,"Time of measurement estimated","good","",1991
"80","21/03/1991 08:05:00",1991-03-21,0,0,0,0,"Time of measurement estimated","good","",1991
"81","22/03/1991 09:02:00",1991-03-22,0,0,0,0,"Time of measurement estimated","good","",1991
"82","23/03/1991 08:26:00",1991-03-23,0,0,0,0,"Time of measurement estimated","good","",1991
"83","24/03/1991 08:55:00",1991-03-24,0,0,0,0,"","good","",1991
"84","25/03/1991 08:39:00",1991-03-25,0,0,0,0,"Time of measurement estimated","good","",1991
"85","26/03/1991 08:56:00",1991-03-26,0,0,0,0,"Time of measurement estimated","good","",1991
"86","27/03/1991 08:45:00",1991-03-27,0,0,0,0,"Time of measurement estimated","good","",1991
"87","28/03/1991 09:10:00",1991-03-28,0,0,0,0,"Time of measurement estimated","good","",1991
"88","29/03/1991 08:55:00",1991-03-29,0,0,0,0,"","good","",1991
"89","30/03/1991 08:55:00",1991-03-30,0,0,0,0,"","good","",1991
"90","31/03/1991 08:55:00",1991-03-31,0,0,-999,0,"","adjusted","Prorated",1991
"91","1/4/91 9:03",1991-04-01,0,0,0,0,"Time of measurement estimated","good","",1991
"92","2/4/91 9:01",1991-04-02,0,0,0,0,"Time of measurement estimated","good","",1991
"93","3/4/91 8:55",1991-04-03,0,0,0,0,"","good","",1991
"94","4/4/91 9:15",1991-04-04,0,0,0,0,"Time of measurement estimated","good","",1991
"95","5/4/91 9:16",1991-04-05,0,0,0,0,"Time of measurement estimated","good","",1991
"96","6/4/91 8:55",1991-04-06,0,0,-999,1.27,"","adjusted","Prorated",1991
"97","7/4/91 8:55",1991-04-07,0,0,-999,0,"","adjusted","Prorated",1991
"98","8/4/91 9:12",1991-04-08,1.27,1.27,1.27,0,"Time of measurement estimated","adjusted","Prorated",1991
"99","9/4/91 9:14",1991-04-09,1.016,1.016,1.016,1.016,"Time of measurement estimated","good","",1991
"100","10/4/91 9:18",1991-04-10,0,0,0,0,"Time of measurement estimated","good","",1991
"101","11/4/91 9:02",1991-04-11,7.62,7.493,7.557,7.557,"Time of measurement estimated","good","",1991
"102","12/4/91 8:51",1991-04-12,0,0,0,0,"Time of measurement estimated","good","",1991
"103","13/04/1991 08:55:00",1991-04-13,0,0,-999,1.877,"","adjusted","Prorated",1991
"104","14/04/1991 08:55:00",1991-04-14,0,0,-999,0.536,"","adjusted","Prorated",1991
"105","15/04/1991 09:22:00",1991-04-15,2.413,2.413,2.413,0,"Time of measurement estimated","adjusted","Prorated",1991
"106","16/04/1991 08:56:00",1991-04-16,0.127,0.127,0.127,0.127,"Time of measurement estimated","good","",1991
"107","17/04/1991 09:05:00",1991-04-17,0,0,0,0,"Time of measurement estimated","good","",1991
"108","18/04/1991 09:07:00",1991-04-18,0,0,0,0,"Time of measurement estimated","good","",1991
"109","19/04/1991 08:55:00",1991-04-19,0,0,0,0,"Time of measurement estimated","good","",1991
"110","20/04/1991 08:55:00",1991-04-20,0,0,-999,0,"","adjusted","Prorated",1991
"111","21/04/1991 08:55:00",1991-04-21,0,0,-999,0,"","adjusted","Prorated",1991
"112","22/04/1991 09:15:00",1991-04-22,0,0,0,0,"Time of measurement estimated","good","",1991
"113","23/04/1991 08:51:00",1991-04-23,0.381,0.381,0.381,0.381,"Time of measurement estimated","good","",1991
"114","24/04/1991 09:20:00",1991-04-24,5.334,5.334,5.334,5.334,"Time of measurement estimated","good","",1991
"115","25/04/1991 09:04:00",1991-04-25,0.508,0.508,0.508,0.508,"Time of measurement estimated","good","",1991
"116","26/04/1991 09:05:00",1991-04-26,0,0,0,0,"Time of measurement estimated","good","",1991
"117","27/04/1991 08:55:00",1991-04-27,0,0,-999,0,"","adjusted","Prorated",1991
"118","28/04/1991 08:55:00",1991-04-28,0,0,-999,0,"","adjusted","Prorated",1991
"119","29/04/1991 08:55:00",1991-04-29,0,0,-999,0,"","adjusted","Prorated",1991
"120","30/04/1991 09:15:00",1991-04-30,0.254,0.254,0.254,0.254,"Time of measurement estimated","good","",1991
"121","1/5/91 8:56",1991-05-01,8.636,8.382,8.509,8.509,"Time of measurement estimated","good","",1991
"122","2/5/91 8:55",1991-05-02,0,0,0,0,"","good","",1991
"123","3/5/91 9:02",1991-05-03,47.498,47.244,47.371,47.371,"Time of measurement estimated","good","",1991
"124","4/5/91 8:55",1991-05-04,0,0,-999,84.782,"","adjusted","Prorated",1991
"125","5/5/91 8:55",1991-05-05,0,0,-999,3.908,"","adjusted","Prorated",1991
"126","6/5/91 9:57",1991-05-06,165.354,165.354,165.354,76.664,"Time of measurement estimated","adjusted","Prorated",1991
"127","7/5/91 9:25",1991-05-07,0.254,0.254,0.254,0.254,"Time of measurement estimated","good","",1991
"128","8/5/91 9:15",1991-05-08,0,0,0,0,"Time of measurement estimated","good","",1991
"129","9/5/91 9:00",1991-05-09,0,0,0,0,"Time of measurement estimated","good","",1991
"130","10/5/91 8:15",1991-05-10,0,0,0,0,"Time of measurement estimated","good","",1991
"131","11/5/91 8:55",1991-05-11,0,0,-999,0.539,"","adjusted","Prorated",1991
"132","12/5/91 8:55",1991-05-12,0,0,-999,6.471,"","adjusted","Prorated",1991
"133","13/05/1991 08:31:00",1991-05-13,17.526,17.526,17.526,10.516,"Time of measurement estimated","adjusted","Prorated",1991
"134","14/05/1991 08:36:00",1991-05-14,2.032,2.032,2.032,2.032,"Time of measurement estimated","good","",1991
"135","15/05/1991 08:36:00",1991-05-15,8.636,8.636,8.636,8.636,"Time of measurement estimated","good","",1991
"136","16/05/1991 08:44:00",1991-05-16,49.53,49.53,49.53,49.53,"Time of measurement estimated","good","",1991
"137","17/05/1991 08:16:00",1991-05-17,8.636,8.636,8.636,8.636,"Time of measurement estimated","good","",1991
"138","18/05/1991 08:55:00",1991-05-18,0,0,-999,1.358,"","adjusted","Prorated",1991
"139","19/05/1991 08:55:00",1991-05-19,0,0,-999,6.516,"","adjusted","Prorated",1991
"140","20/05/1991 08:35:00",1991-05-20,7.874,7.874,7.874,0,"Time of measurement estimated","adjusted","Prorated",1991
"141","21/05/1991 08:39:00",1991-05-21,1.27,1.27,1.27,1.27,"Time of measurement estimated","good","",1991
"142","22/05/1991 08:28:00",1991-05-22,0.254,0.254,0.254,0.254,"Time of measurement estimated","good","",1991
"143","23/05/1991 08:31:00",1991-05-23,0,0,0,0,"Time of measurement estimated","good","",1991
"144","24/05/1991 09:03:00",1991-05-24,12.954,12.954,12.954,12.954,"Time of measurement estimated","good","",1991
"145","25/05/1991 08:55:00",1991-05-25,0,0,-999,0,"","adjusted","Prorated",1991
"146","26/05/1991 08:55:00",1991-05-26,0,0,-999,0,"","adjusted","Prorated",1991
"147","27/05/1991 08:55:00",1991-05-27,0,0,-999,5.715,"","adjusted","Prorated",1991
"148","28/05/1991 08:47:00",1991-05-28,5.842,5.588,5.715,0,"Time of measurement estimated","adjusted","Prorated",1991
"149","29/05/1991 08:32:00",1991-05-29,1.778,1.524,1.651,1.651,"Time of measurement estimated","good","",1991
"150","30/05/1991 08:10:00",1991-05-30,5.588,5.588,5.588,5.588,"Time of measurement estimated","good","",1991
"151","31/05/1991 08:27:00",1991-05-31,0.508,0.508,0.508,0.508,"Time of measurement estimated","good","",1991
"152","1/6/91 8:55",1991-06-01,0,0,-999,0.273,"","adjusted","Prorated",1991
"153","2/6/91 8:55",1991-06-02,0,0,-999,0,"","adjusted","Prorated",1991
"154","3/6/91 8:55",1991-06-03,33.02,31.496,32.258,31.985,"","adjusted","Prorated",1991
"155","4/6/91 8:23",1991-06-04,12.065,11.811,11.938,11.938,"Time of measurement estimated","good","",1991
"156","5/6/91 8:26",1991-06-05,0,0,0,0,"Time of measurement estimated","good","",1991
"157","6/6/91 8:30",1991-06-06,0.254,0.254,0.254,0.254,"Time of measurement estimated","good","",1991
"158","7/6/91 8:27",1991-06-07,0.508,0.508,0.508,0.508,"Time of measurement estimated","good","",1991
"159","8/6/91 8:55",1991-06-08,0,0,-999,0,"","adjusted","Prorated",1991
"160","9/6/91 8:55",1991-06-09,0,0,-999,3.556,"","adjusted","Prorated",1991
"161","10/6/91 8:42",1991-06-10,6.223,6.223,6.223,2.667,"Time of measurement estimated","adjusted","Prorated",1991
"162","11/6/91 8:50",1991-06-11,1.524,1.397,1.461,1.461,"Time of measurement estimated","good","",1991
"163","12/6/91 8:34",1991-06-12,0,0,0,0,"Time of measurement estimated","good","",1991
"164","13/06/1991 08:39:00",1991-06-13,0,0,0,0,"Time of measurement estimated","good","",1991
"165","14/06/1991 08:31:00",1991-06-14,3.556,3.556,3.556,3.556,"Time of measurement estimated","good","",1991
"166","15/06/1991 08:55:00",1991-06-15,0,0,-999,12.04,"","adjusted","Prorated",1991
"167","16/06/1991 08:55:00",1991-06-16,0,0,-999,31.532,"","adjusted","Prorated",1991
"168","17/06/1991 08:39:00",1991-06-17,60.452,59.944,60.198,16.626,"Time of measurement estimated","adjusted","Prorated",1991
"169","18/06/1991 08:28:00",1991-06-18,21.59,21.59,21.59,21.59,"Time of measurement estimated","good","",1991
"170","19/06/1991 08:47:00",1991-06-19,0,0,0,0,"Time of measurement estimated","good","",1991
"171","20/06/1991 08:28:00",1991-06-20,0.508,0.508,0.508,0.508,"Time of measurement estimated","good","",1991
"172","21/06/1991 08:40:00",1991-06-21,0.254,0.254,0.254,0.254,"Time of measurement estimated","good","",1991
"173","22/06/1991 08:55:00",1991-06-22,0,0,-999,21.501,"","adjusted","Prorated",1991
"174","23/06/1991 08:55:00",1991-06-23,0,0,-999,13.783,"","adjusted","Prorated",1991
"175","24/06/1991 08:28:00",1991-06-24,35.56,35.56,35.56,0.276,"Time of measurement estimated","adjusted","Prorated",1991
"176","25/06/1991 08:32:00",1991-06-25,24.638,24.638,24.638,24.638,"Time of measurement estimated","good","",1991
"177","26/06/1991 08:37:00",1991-06-26,1.524,1.524,1.524,1.524,"Time of measurement estimated","good","",1991
"178","27/06/1991 09:03:00",1991-06-27,1.27,1.27,1.27,1.27,"Time of measurement estimated","good","",1991
"179","28/06/1991 08:28:00",1991-06-28,0.076,0.076,0.076,0.076,"Time of measurement estimated","good","",1991
"180","29/06/1991 08:55:00",1991-06-29,0,0,-999,0,"","adjusted","Prorated",1991
"181","30/06/1991 08:55:00",1991-06-30,0,0,-999,10.913,"","adjusted","Prorated",1991
"182","1/7/91 9:22",1991-07-01,24.892,25.146,25.019,14.106,"Time of measurement estimated","adjusted","Prorated",1991
"183","2/7/91 8:54",1991-07-02,0,0,0,0,"Time of measurement estimated","good","",1991
"184","3/7/91 9:34",1991-07-03,0,0,0,0,"Time of measurement estimated","good","",1991
"185","4/7/91 8:55",1991-07-04,0,0,0,0,"","good","",1991
"186","5/7/91 8:29",1991-07-05,17.018,16.764,16.891,16.891,"Time of measurement estimated","good","",1991
"187","6/7/91 8:55",1991-07-06,0,0,-999,0,"","adjusted","Prorated",1991
"188","7/7/91 8:55",1991-07-07,0,0,-999,18.008,"","adjusted","Prorated",1991
"189","8/7/91 8:28",1991-07-08,76.454,77.216,76.835,58.827,"Time of measurement estimated","adjusted","Prorated",1991
"190","9/7/91 8:20",1991-07-09,6.604,6.35,6.477,6.477,"Time of measurement estimated","good","",1991
"191","10/7/91 8:25",1991-07-10,1.016,1.016,1.016,1.016,"Time of measurement estimated","good","",1991
"192","11/7/91 8:17",1991-07-11,36.576,36.322,36.449,36.449,"Time of measurement estimated","good","",1991
"193","12/7/91 8:16",1991-07-12,1.27,1.27,1.27,1.27,"Time of measurement estimated","good","",1991
"194","13/07/1991 08:55:00",1991-07-13,0,0,-999,5.588,"","adjusted","Prorated",1991
"195","14/07/1991 08:55:00",1991-07-14,0,0,-999,0,"","adjusted","Prorated",1991
"196","15/07/1991 08:14:00",1991-07-15,5.588,5.588,5.588,0,"Time of measurement estimated","adjusted","Prorated",1991
"197","16/07/1991 08:23:00",1991-07-16,23.114,22.987,23.051,23.051,"Time of measurement estimated","good","",1991
"198","17/07/1991 08:14:00",1991-07-17,1.651,1.524,1.588,1.588,"Time of measurement estimated","good","",1991
"199","18/07/1991 08:14:00",1991-07-18,4.699,4.572,4.636,4.636,"Time of measurement estimated","good","",1991
"200","19/07/1991 08:12:00",1991-07-19,1.27,1.27,1.27,1.27,"Time of measurement estimated","good","",1991
"201","20/07/1991 08:55:00",1991-07-20,0,0,-999,2.17,"","adjusted","Prorated",1991
"202","21/07/1991 08:55:00",1991-07-21,0,0,-999,31.739,"","adjusted","Prorated",1991
"203","22/07/1991 08:22:00",1991-07-22,34.036,33.782,33.909,0,"Time of measurement estimated","adjusted","Prorated",1991
"204","23/07/1991 08:16:00",1991-07-23,4.064,4.064,4.064,4.064,"Time of measurement estimated","good","",1991
"205","24/07/1991 08:23:00",1991-07-24,0,0,0,0,"Time of measurement estimated","good","",1991
"206","25/07/1991 08:14:00",1991-07-25,10.16,9.906,10.033,10.033,"Time of measurement estimated","good","",1991
"207","26/07/1991 08:11:00",1991-07-26,2.54,2.54,2.54,2.54,"Time of measurement estimated","good","",1991
"208","27/07/1991 08:55:00",1991-07-27,0,0,-999,6.021,"","adjusted","Prorated",1991
"209","28/07/1991 08:55:00",1991-07-28,0,0,-999,12.329,"","adjusted","Prorated",1991
"210","29/07/1991 08:39:00",1991-07-29,19.05,18.796,18.923,0.573,"Time of measurement estimated","adjusted","Prorated",1991
"211","30/07/1991 08:11:00",1991-07-30,4.826,4.826,4.826,4.826,"Time of measurement estimated","good","",1991
"212","31/07/1991 08:48:00",1991-07-31,40.894,40.894,40.894,40.894,"Time of measurement estimated","good","",1991
"213","1/8/91 8:40",1991-08-01,2.921,2.921,2.921,2.921,"Time of measurement estimated","good","",1991
"214","2/8/91 8:50",1991-08-02,3.429,3.302,3.366,3.366,"Time of measurement estimated","good","",1991
"215","3/8/91 8:55",1991-08-03,0,0,-999,7.083,"","adjusted","Prorated",1991
"216","4/8/91 8:55",1991-08-04,0,0,-999,48.162,"","adjusted","Prorated",1991
"217","5/8/91 8:58",1991-08-05,55.626,54.864,55.245,0,"Time of measurement estimated","adjusted","Prorated",1991
"218","6/8/91 8:27",1991-08-06,0.762,0.762,0.762,0.762,"Time of measurement estimated","good","",1991
"219","7/8/91 8:50",1991-08-07,11.557,11.684,11.621,11.621,"Time of measurement estimated","good","",1991
"220","8/8/91 8:55",1991-08-08,11.176,11.176,11.176,11.176,"Time of measurement estimated","good","",1991
"221","9/8/91 9:03",1991-08-09,50.546,50.8,50.673,50.673,"Time of measurement estimated","good","",1991
"222","10/8/91 8:55",1991-08-10,0,0,-999,4.481,"","adjusted","Prorated",1991
"223","11/8/91 8:55",1991-08-11,0,0,-999,0.472,"","adjusted","Prorated",1991
"224","12/8/91 8:22",1991-08-12,5.08,4.826,4.953,0,"Time of measurement estimated","adjusted","Prorated",1991
"225","13/08/1991 08:53:00",1991-08-13,0.508,0.254,0.381,0.381,"Time of measurement estimated","good","",1991
"226","14/08/1991 09:57:00",1991-08-14,19.304,19.304,19.304,19.304,"Time of measurement estimated","good","",1991
"227","15/08/1991 09:07:00",1991-08-15,1.524,1.397,1.461,1.461,"Time of measurement estimated","good","",1991
"228","16/08/1991 09:24:00",1991-08-16,0.254,0.254,0.254,0.254,"Time of measurement estimated","good","",1991
"229","17/08/1991 08:55:00",1991-08-17,0,0,-999,0.855,"","adjusted","Prorated",1991
"230","18/08/1991 08:55:00",1991-08-18,0,0,-999,41.345,"","adjusted","Prorated",1991
"231","19/08/1991 08:41:00",1991-08-19,44.196,44.196,44.196,1.996,"Time of measurement estimated","adjusted","Prorated",1991
"232","20/08/1991 08:50:00",1991-08-20,0.508,0.508,0.508,0.508,"Time of measurement estimated","good","",1991
"233","21/08/1991 08:37:00",1991-08-21,11.43,11.176,11.303,11.303,"Time of measurement estimated","good","",1991
"234","22/08/1991 08:43:00",1991-08-22,0.508,0.508,0.508,0.508,"Time of measurement estimated","good","",1991
"235","23/08/1991 08:57:00",1991-08-23,9.652,9.652,9.652,9.652,"Time of measurement estimated","good","",1991
"236","24/08/1991 08:55:00",1991-08-24,0,0,-999,0,"","adjusted","Prorated",1991
"237","25/08/1991 08:55:00",1991-08-25,0,0,-999,0.762,"","adjusted","Prorated",1991
"238","26/08/1991 08:36:00",1991-08-26,0.762,0.762,0.762,0,"Time of measurement estimated","adjusted","Prorated",1991
"239","27/08/1991 08:06:00",1991-08-27,0,0,0,0,"Time of measurement estimated","good","",1991
"240","28/08/1991 08:55:00",1991-08-28,3.81,3.556,3.683,3.683,"","good","",1991
"241","29/08/1991 08:56:00",1991-08-29,15.748,15.748,15.748,15.748,"Time of measurement estimated","good","",1991
"242","30/08/1991 08:31:00",1991-08-30,0.254,0.254,0.254,0.254,"Time of measurement estimated","good","",1991
"243","31/08/1991 08:55:00",1991-08-31,0,0,-999,6.225,"","adjusted","Prorated",1991
"244","1/9/91 8:55",1991-09-01,0,0,-999,10.285,"","adjusted","Prorated",1991
"245","2/9/91 8:28",1991-09-02,16.51,16.51,16.51,0,"Time of measurement estimated","adjusted","Prorated",1991
"246","3/9/91 8:38",1991-09-03,0.762,0.762,0.762,0.762,"Time of measurement estimated","good","",1991
"247","4/9/91 8:30",1991-09-04,13.208,13.208,13.208,13.208,"Time of measurement estimated","good","",1991
"248","5/9/91 9:12",1991-09-05,1.27,1.27,1.27,1.27,"Time of measurement estimated","good","",1991
"249","6/9/91 8:29",1991-09-06,7.366,7.112,7.239,7.239,"Time of measurement estimated","good","",1991
"250","7/9/91 8:55",1991-09-07,0,0,-999,11.934,"","adjusted","Prorated",1991
"251","8/9/91 8:55",1991-09-08,0,0,-999,5.828,"","adjusted","Prorated",1991
"252","9/9/91 8:19",1991-09-09,32.385,32.004,32.195,14.432,"Time of measurement estimated","adjusted","Prorated",1991
"253","10/9/91 8:24",1991-09-10,4.064,4.064,4.064,4.064,"Time of measurement estimated","good","",1991
"254","11/9/91 8:47",1991-09-11,8.128,7.874,8.001,8.001,"Time of measurement estimated","good","",1991
"255","12/9/91 8:15",1991-09-12,1.143,1.143,1.143,1.143,"Time of measurement estimated","good","",1991
"256","13/09/1991 08:51:00",1991-09-13,0.127,0.076,0.102,0.102,"Time of measurement estimated","good","",1991
"257","14/09/1991 08:55:00",1991-09-14,0,0,-999,0,"","adjusted","Prorated",1991
"258","15/09/1991 08:55:00",1991-09-15,0,0,-999,3.472,"","adjusted","Prorated",1991
"259","16/09/1991 08:31:00",1991-09-16,123.19,122.174,122.682,119.21,"Time of measurement estimated","adjusted","Prorated",1991
"260","17/09/1991 08:29:00",1991-09-17,18.288,18.034,18.161,18.161,"Time of measurement estimated","good","",1991
"261","18/09/1991 08:36:00",1991-09-18,16.256,16.002,16.129,16.129,"Time of measurement estimated","good","",1991
"262","19/09/1991 08:29:00",1991-09-19,16.383,16.51,16.447,16.447,"Time of measurement estimated","good","",1991
"263","20/09/1991 08:25:00",1991-09-20,0,0,0,0,"Time of measurement estimated","good","",1991
"264","21/09/1991 08:55:00",1991-09-21,0,0,-999,0.572,"","adjusted","Prorated",1991
"265","22/09/1991 08:55:00",1991-09-22,0,0,-999,0,"","adjusted","Prorated",1991
"266","23/09/1991 08:30:00",1991-09-23,1.143,1.143,1.143,0.572,"Time of measurement estimated","adjusted","Prorated",1991
"267","24/09/1991 08:23:00",1991-09-24,30.988,31.242,31.115,31.115,"Time of measurement estimated","good","",1991
"268","25/09/1991 09:34:00",1991-09-25,6.858,6.858,6.858,6.858,"Time of measurement estimated","good","",1991
"269","26/09/1991 08:55:00",1991-09-26,0.508,0.508,0.508,0.508,"Time of measurement estimated","good","",1991
"270","27/09/1991 08:32:00",1991-09-27,0,0,0,0,"Time of measurement estimated","good","",1991
"271","28/09/1991 08:55:00",1991-09-28,0,0,-999,17.932,"","adjusted","Prorated",1991
"272","29/09/1991 08:55:00",1991-09-29,0,0,-999,23.206,"","adjusted","Prorated",1991
"273","30/09/1991 09:01:00",1991-09-30,41.402,41.402,41.402,0.264,"Time of measurement estimated","adjusted","Prorated",1991
"274","1/10/91 9:35",1991-10-01,6.35,6.096,6.223,6.223,"Time of measurement estimated","good","",1991
"275","2/10/91 8:56",1991-10-02,32.766,33.02,32.893,32.893,"Time of measurement estimated","good","",1991
"276","3/10/91 8:39",1991-10-03,0.254,0.254,0.254,0.254,"Time of measurement estimated","good","",1991
"277","4/10/91 8:58",1991-10-04,38.608,38.354,38.481,38.481,"Time of measurement estimated","good","",1991
"278","5/10/91 8:55",1991-10-05,0,0,-999,17.743,"","adjusted","Prorated",1991
"279","6/10/91 8:55",1991-10-06,0,0,-999,0.291,"","adjusted","Prorated",1991
"280","7/10/91 8:52",1991-10-07,18.034,18.034,18.034,0,"Time of measurement estimated","adjusted","Prorated",1991
"281","8/10/91 8:48",1991-10-08,3.048,3.048,3.048,3.048,"Time of measurement estimated","good","",1991
"282","9/10/91 8:55",1991-10-09,3.556,3.556,3.556,3.556,"Time of measurement estimated","good","",1991
"283","10/10/91 8:46",1991-10-10,0.635,0.635,0.635,0.635,"Time of measurement estimated","good","",1991
"284","11/10/91 8:48",1991-10-11,12.954,12.7,12.827,12.827,"Time of measurement estimated","good","",1991
"285","12/10/91 8:55",1991-10-12,0,0,-999,0,"","adjusted","Prorated",1991
"286","13/10/1991 08:55:00",1991-10-13,0,0,-999,0,"","adjusted","Prorated",1991
"287","14/10/1991 08:55:00",1991-10-14,0,0,-999,1.337,"","adjusted","Prorated",1991
"288","15/10/1991 08:40:00",1991-10-15,15.24,15.24,15.24,13.903,"Time of measurement estimated","adjusted","Prorated",1991
"289","16/10/1991 09:11:00",1991-10-16,0,0,0,0,"Time of measurement estimated","good","",1991
"290","17/10/1991 09:07:00",1991-10-17,0,0,0,0,"Time of measurement estimated","good","",1991
"291","18/10/1991 08:34:00",1991-10-18,5.588,5.588,5.588,5.588,"Time of measurement estimated","good","",1991
"292","19/10/1991 08:55:00",1991-10-19,0,0,-999,7.112,"","adjusted","Prorated",1991
"293","20/10/1991 08:55:00",1991-10-20,0,0,-999,0,"","adjusted","Prorated",1991
"294","21/10/1991 08:56:00",1991-10-21,7.112,7.112,7.112,0,"Time of measurement estimated","adjusted","Prorated",1991
"295","22/10/1991 09:06:00",1991-10-22,0.254,0.127,0.191,0.191,"Time of measurement estimated","good","",1991
"296","23/10/1991 08:45:00",1991-10-23,0,0,0,0,"Time of measurement estimated","good","",1991
"297","24/10/1991 10:01:00",1991-10-24,2.794,2.667,2.731,2.731,"Time of measurement estimated","good","",1991
"298","25/10/1991 08:39:00",1991-10-25,44.958,44.704,44.831,44.831,"Time of measurement estimated","good","",1991
"299","26/10/1991 08:55:00",1991-10-26,0,0,-999,0,"","adjusted","Prorated",1991
"300","27/10/1991 08:55:00",1991-10-27,0,0,-999,39.309,"","adjusted","Prorated",1991
"301","28/10/1991 08:33:00",1991-10-28,62.23,61.722,61.976,22.667,"Time of measurement estimated","adjusted","Prorated",1991
"302","29/10/1991 08:28:00",1991-10-29,16.764,17.018,16.891,16.891,"Time of measurement estimated","good","",1991
"303","30/10/1991 08:29:00",1991-10-30,0,0,0,0,"Time of measurement estimated","good","",1991
"304","31/10/1991 08:36:00",1991-10-31,15.748,15.621,15.685,15.685,"Time of measurement estimated","good","",1991
"305","1/11/91 8:40",1991-11-01,7.112,6.985,7.049,7.049,"Time of measurement estimated","good","",1991
"306","2/11/91 8:55",1991-11-02,0,0,-999,1.653,"","adjusted","Prorated",1991
"307","3/11/91 8:55",1991-11-03,0,0,-999,3.857,"","adjusted","Prorated",1991
"308","4/11/91 8:55",1991-11-04,0,0,-999,15.703,"","adjusted","Prorated",1991
"309","5/11/91 8:38",1991-11-05,36.068,35.56,35.814,14.601,"Time of measurement estimated","adjusted","Prorated",1991
"310","6/11/91 8:33",1991-11-06,27.94,27.94,27.94,27.94,"Time of measurement estimated","good","",1991
"311","7/11/91 8:51",1991-11-07,2.286,2.286,2.286,2.286,"Time of measurement estimated","good","",1991
"312","8/11/91 8:43",1991-11-08,18.034,17.399,17.717,17.717,"Time of measurement estimated","good","",1991
"313","9/11/91 8:55",1991-11-09,0,0,-999,0,"","adjusted","Prorated",1991
"314","10/11/91 8:55",1991-11-10,0,0,-999,50.271,"","adjusted","Prorated",1991
"315","11/11/91 8:55",1991-11-11,69.596,68.58,69.088,18.817,"","adjusted","Prorated",1991
"316","12/11/91 9:03",1991-11-12,7.112,7.112,7.112,7.112,"Time of measurement estimated","good","",1991
"317","13/11/1991 09:07:00",1991-11-13,5.969,6.096,6.033,6.033,"Time of measurement estimated","good","",1991
"318","14/11/1991 08:21:00",1991-11-14,7.112,7.112,7.112,7.112,"Time of measurement estimated","good","",1991
"319","15/11/1991 08:57:00",1991-11-15,2.794,2.794,2.794,2.794,"Time of measurement estimated","good","",1991
"320","16/11/1991 08:55:00",1991-11-16,0,0,-999,0,"","adjusted","Prorated",1991
"321","17/11/1991 08:55:00",1991-11-17,0,0,-999,6.712,"","adjusted","Prorated",1991
"322","18/11/1991 09:16:00",1991-11-18,27.432,27.432,27.432,20.72,"Time of measurement estimated","adjusted","Prorated",1991
"323","19/11/1991 08:55:00",1991-11-19,0.508,0.381,0.445,0.445,"Time of measurement estimated","good","",1991
"324","20/11/1991 09:03:00",1991-11-20,11.684,11.684,11.684,11.684,"Time of measurement estimated","good","",1991
"325","21/11/1991 08:53:00",1991-11-21,37.719,38.354,38.037,38.037,"Time of measurement estimated","good","",1991
"326","22/11/1991 09:21:00",1991-11-22,16.637,16.764,16.701,16.701,"Time of measurement estimated","good","",1991
"327","23/11/1991 08:55:00",1991-11-23,0,0,-999,8.528,"","adjusted","Prorated",1991
"328","24/11/1991 08:55:00",1991-11-24,0,0,-999,37.69,"","adjusted","Prorated",1991
"329","25/11/1991 09:34:00",1991-11-25,97.536,97.79,97.663,51.445,"Time of measurement estimated","adjusted","Prorated",1991
"330","26/11/1991 09:04:00",1991-11-26,30.226,30.226,30.226,30.226,"Time of measurement estimated","good","",1991
"331","27/11/1991 09:37:00",1991-11-27,2.286,2.159,2.223,2.223,"Time of measurement estimated","good","",1991
"332","28/11/1991 08:55:00",1991-11-28,2.413,2.286,2.35,2.35,"","good","",1991
"333","29/11/1991 08:55:00",1991-11-29,0.254,0.127,0.191,0.191,"Time of measurement estimated","good","",1991
"334","30/11/1991 08:55:00",1991-11-30,0,0,-999,0.108,"","adjusted","Prorated",1991
"335","1/12/91 8:55",1991-12-01,0,0,-999,0.756,"","adjusted","Prorated",1991
"336","2/12/91 9:04",1991-12-02,2.286,2.032,2.159,1.295,"Time of measurement estimated","adjusted","Prorated",1991
"337","3/12/91 9:06",1991-12-03,4.064,3.81,3.937,3.937,"Time of measurement estimated","good","",1991
"338","4/12/91 8:57",1991-12-04,38.862,39.116,38.989,38.989,"Time of measurement estimated","good","",1991
"339","5/12/91 9:08",1991-12-05,37.338,37.211,37.275,37.275,"Time of measurement estimated","good","",1991
"340","6/12/91 9:18",1991-12-06,0.254,0.254,0.254,0.254,"Time of measurement estimated","good","",1991
"341","7/12/91 8:55",1991-12-07,0,0,0,0,"","good","",1991
"342","8/12/91 8:55",1991-12-08,0,0,0,0,"","good","",1991
"343","9/12/91 8:55",1991-12-09,0,0,0,0,"","good","",1991
"344","10/12/91 9:00",1991-12-10,0,0,0,0,"Time of measurement estimated","good","",1991
"345","11/12/91 9:09",1991-12-11,0.127,0.127,0.127,0.127,"Time of measurement estimated","good","",1991
"346","12/12/91 9:22",1991-12-12,2.54,2.54,2.54,2.54,"Time of measurement estimated","good","",1991
"347","13/12/1991 09:15:00",1991-12-13,0,0,0,0,"Time of measurement estimated","good","",1991
"348","14/12/1991 08:55:00",1991-12-14,0,0,-999,0.508,"","adjusted","Prorated",1991
"349","15/12/1991 08:55:00",1991-12-15,0,0,-999,0,"","adjusted","Prorated",1991
"350","16/12/1991 09:53:00",1991-12-16,0.508,0.508,0.508,0,"Time of measurement estimated","adjusted","Prorated",1991
"351","17/12/1991 09:18:00",1991-12-17,0,0,0,0,"Time of measurement estimated","good","",1991
"352","18/12/1991 09:43:00",1991-12-18,0,0,0,0,"Time of measurement estimated","good","",1991
"353","19/12/1991 08:38:00",1991-12-19,0,0,0,0,"Time of measurement estimated","good","",1991
"354","20/12/1991 09:26:00",1991-12-20,4.572,4.572,4.572,4.572,"Time of measurement estimated","good","",1991
"355","21/12/1991 08:55:00",1991-12-21,0,0,-999,0.254,"","adjusted","Prorated",1991
"356","22/12/1991 08:55:00",1991-12-22,0,0,-999,0,"","adjusted","Prorated",1991
"357","23/12/1991 10:04:00",1991-12-23,0.254,0.254,0.254,0,"Time of measurement estimated","adjusted","Prorated",1991
"358","24/12/1991 09:20:00",1991-12-24,0,0,0,0,"Time of measurement estimated","good","",1991
"359","25/12/1991 08:55:00",1991-12-25,0,0,-999,2.858,"","adjusted","Prorated",1991
"360","26/12/1991 08:55:00",1991-12-26,7.62,7.62,7.62,4.763,"","adjusted","Prorated",1991
"361","27/12/1991 09:46:00",1991-12-27,0,0,0,0,"Time of measurement estimated","good","",1991
"362","28/12/1991 08:55:00",1991-12-28,0,0,-999,0,"","adjusted","Prorated",1991
"363","29/12/1991 08:55:00",1991-12-29,0,0,-999,0,"","adjusted","Prorated",1991
"364","30/12/1991 09:55:00",1991-12-30,0.508,0.508,0.508,0.508,"Time of measurement estimated","good","",1991
"365","31/12/1991 09:47:00",1991-12-31,0,0,0,0,"Time of measurement estimated","good","",1991
